x,y,wide_right,wide_left
-6.207517,-3.033428,7.140,7.117
-11.191183,-2.609399,7.136,7.107
-16.174804,-2.184831,7.133,7.096
-21.158379,-1.759712,7.130,7.086
-26.141907,-1.334025,7.127,7.075
-31.125385,-0.907758,7.123,7.065
-36.108812,-0.480894,7.120,7.054
-41.092187,-0.053420,7.117,7.043
-46.075508,0.374678,7.114,7.033
-51.058775,0.803417,7.110,7.022
-56.041985,1.232809,7.107,7.012
-61.025137,1.662870,7.104,7.001
-66.00823,2.093614,7.100,6.991
-70.991262,2.525056,7.097,6.980
-75.974231,2.957210,7.094,6.970
-80.957138,3.390090,7.091,6.959
-85.939979,3.823713,7.087,6.948
-90.922753,4.258090,7.084,6.938
-95.905459,4.693239,7.081,6.927
-100.888096,5.129172,7.077,6.917
-105.870662,5.565905,7.074,6.906
-110.853156,6.003451,7.071,6.896
-115.835576,6.441827,7.068,6.885
-120.817921,6.881044,7.069,6.882
-125.80019,7.321098,7.079,6.893
-130.782382,7.761964,7.089,6.904
-135.764496,8.203619,7.099,6.915
-140.746532,8.646041,7.109,6.925
-145.728489,9.089204,7.119,6.936
-150.710367,9.533086,7.129,6.947
-155.692165,9.977663,7.139,6.958
-160.673882,10.422911,7.150,6.969
-165.655517,10.868806,7.160,6.979
-170.637071,11.315326,7.170,6.990
-175.618542,11.762446,7.180,7.001
-180.599929,12.210143,7.190,7.012
-185.581233,12.658393,7.200,7.022
-190.562451,13.107173,7.210,7.033
-195.543585,13.556459,7.220,7.044
-200.524632,14.006227,7.230,7.055
-205.505593,14.456454,7.240,7.065
-210.486466,14.907116,7.250,7.076
-215.467252,15.358189,7.260,7.087
-220.447949,15.809651,7.270,7.098
-225.428557,16.261476,7.280,7.109
-230.409075,16.713643,7.290,7.119
-235.389502,17.166126,7.300,7.130
-240.369838,17.618904,7.310,7.141
-245.350083,18.071950,7.320,7.152
-250.330235,18.525244,7.330,7.162
-255.310293,18.978759,7.340,7.173
-260.290258,19.432474,7.350,7.184
-265.270129,19.886365,7.360,7.195
-270.249904,20.340407,7.370,7.205
-275.229584,20.794577,7.380,7.216
-280.209167,21.248852,7.390,7.227
-285.188653,21.703208,7.400,7.238
-290.168042,22.157621,7.410,7.248
-295.147551,22.612921,7.420,7.259
-300.129172,23.076868,7.430,7.270
-305.115762,23.560583,7.440,7.281
-310.110179,24.075214,7.410,7.298
-315.112814,24.613551,7.180,7.347
-320.104132,25.020361,6.949,7.396
-325.054971,25.068896,6.725,7.442
-329.936107,24.531946,6.912,7.312
-334.715325,23.185017,6.983,7.263
-339.226232,20.925391,6.795,7.391
-343.123093,17.820459,6.782,7.348
-346.301707,14.027443,6.860,7.214
-349.001313,9.807924,6.787,7.210
-351.399369,5.386330,6.670,7.244
-353.316485,0.802379,6.579,7.262
-354.562925,-3.950656,6.622,7.201
-355.28414,-8.873534,6.665,7.141
-355.686304,-13.955520,6.875,7.175
-355.59888,-19.033680,7.196,7.273
-354.583864,-23.838344,6.900,7.553
-352.591643,-28.276553,6.542,7.850
-349.87836,-32.394137,6.899,7.627
-346.652663,-36.210714,7.344,7.340
-343.002232,-39.680829,7.338,7.423
-338.998788,-42.750449,7.246,7.576
-334.714055,-45.365535,7.165,7.693
-330.217052,-47.486287,7.092,7.777
-325.55766,-49.173690,7.023,7.858
-320.777498,-50.532238,7.062,7.856
-315.918151,-51.666596,7.101,7.854
-311.020763,-52.680443,7.140,7.852
-306.110959,-53.642884,7.179,7.850
-301.195158,-54.580232,7.218,7.848
-296.278584,-55.516140,7.257,7.846
-291.366464,-56.474260,7.296,7.844
-286.46268,-57.471940,7.335,7.842
-281.566062,-58.502811,7.374,7.841
-276.674254,-59.554924,7.413,7.839
-271.7849,-60.616333,7.453,7.837
-266.895643,-61.675091,7.492,7.835
-262.004126,-62.719252,7.531,7.833
-257.107993,-63.736868,7.570,7.831
-252.204886,-64.715992,7.609,7.829
-247.292605,-65.645482,7.648,7.827
-242.371045,-66.525118,7.682,7.821
-237.441619,-67.362564,7.660,7.768
-232.50577,-68.165656,7.639,7.714
-227.564944,-68.942232,7.617,7.661
-222.620584,-69.700129,7.596,7.608
-217.674137,-70.447183,7.574,7.555
-212.727046,-71.191233,7.553,7.501
-207.780757,-71.940115,7.531,7.448
-202.836564,-72.700853,7.510,7.395
-197.894753,-73.474991,7.488,7.342
-192.955196,-74.261810,7.467,7.289
-188.017761,-75.060582,7.445,7.235
-183.082316,-75.870582,7.424,7.182
-178.148731,-76.691083,7.402,7.129
-173.216874,-77.521359,7.381,7.076
-168.286613,-78.360682,7.359,7.022
-163.357819,-79.208327,7.338,6.969
-158.430359,-80.063567,7.316,6.916
-153.504102,-80.925676,7.321,6.934
-148.578917,-81.793926,7.331,6.966
-143.654673,-82.667592,7.340,6.997
-138.731239,-83.545947,7.350,7.029
-133.808483,-84.428264,7.360,7.060
-128.886275,-85.313818,7.369,7.092
-123.964482,-86.201881,7.379,7.124
-119.042978,-87.091751,7.389,7.155
-114.121698,-87.983053,7.399,7.187
-109.200614,-88.875633,7.408,7.219
-104.279703,-89.769346,7.418,7.250
-99.358941,-90.664043,7.428,7.282
-94.438303,-91.559580,7.437,7.313
-89.517765,-92.455808,7.447,7.345
-84.597302,-93.352580,7.457,7.377
-79.67689,-94.249750,7.466,7.408
-74.756504,-95.147172,7.476,7.440
-69.836121,-96.044697,7.486,7.472
-64.915716,-96.942179,7.496,7.503
-59.995264,-97.839472,7.505,7.535
-55.074741,-98.736428,7.515,7.566
-50.154123,-99.632901,7.525,7.598
-45.233385,-100.528743,7.534,7.630
-40.312503,-101.423808,7.544,7.661
-35.391452,-102.317949,7.554,7.693
-30.470209,-103.211018,7.564,7.724
-25.548749,-104.102870,7.573,7.756
-20.627047,-104.993358,7.583,7.788
-15.705079,-105.882333,7.593,7.819
-10.78282,-106.769650,7.602,7.851
-5.860247,-107.655162,7.612,7.883
-0.937335,-108.538721,7.622,7.914
3.985941,-109.420181,7.632,7.946
8.909604,-110.299395,7.641,7.977
13.83368,-111.176216,7.651,8.009
18.758193,-112.050497,7.661,8.041
23.683166,-112.922092,7.660,8.041
28.608625,-113.790853,7.656,8.027
33.534594,-114.656633,7.651,8.014
38.461097,-115.519287,7.647,8.001
43.388158,-116.378666,7.642,7.988
48.315802,-117.234624,7.637,7.974
53.244049,-118.087047,7.633,7.961
58.172881,-118.936027,7.628,7.948
63.102272,-119.781737,7.624,7.935
68.032192,-120.624346,7.619,7.921
72.962613,-121.464028,7.615,7.908
77.893506,-122.300953,7.610,7.895
82.824843,-123.135294,7.606,7.882
87.756596,-123.967221,7.601,7.868
92.688736,-124.796906,7.596,7.855
97.621234,-125.624520,7.592,7.842
102.554062,-126.450236,7.587,7.829
107.487191,-127.274225,7.583,7.815
112.420593,-128.096658,7.578,7.802
117.35424,-128.917707,7.574,7.789
122.288102,-129.737544,7.569,7.776
127.222152,-130.556339,7.564,7.763
132.156361,-131.374265,7.560,7.749
137.090699,-132.191494,7.555,7.736
142.02514,-133.008195,7.551,7.723
146.959654,-133.824543,7.546,7.710
151.894213,-134.640706,7.542,7.696
156.828788,-135.456858,7.537,7.683
161.763351,-136.273170,7.532,7.670
166.697873,-137.089814,7.528,7.657
171.632326,-137.906960,7.523,7.643
176.566681,-138.724781,7.519,7.630
181.500909,-139.543448,7.514,7.617
186.434983,-140.363132,7.510,7.604
191.368874,-141.184006,7.505,7.590
196.302553,-142.006241,7.501,7.577
201.235991,-142.830007,7.496,7.564
206.169161,-143.655478,7.491,7.551
211.102033,-144.482824,7.487,7.537
216.03458,-145.312216,7.482,7.524
220.966773,-146.143819,7.478,7.511
225.898621,-146.977567,7.473,7.498
230.830169,-147.813153,7.469,7.484
235.761462,-148.650255,7.464,7.471
240.692549,-149.488553,7.459,7.458
245.623475,-150.327726,7.455,7.445
250.554287,-151.167454,7.450,7.431
255.485033,-152.007416,7.446,7.418
260.415758,-152.847290,7.441,7.405
265.346511,-153.686758,7.437,7.392
270.277336,-154.525497,7.432,7.379
275.208282,-155.363187,7.428,7.365
280.139395,-156.199508,7.423,7.352
285.070721,-157.034138,7.418,7.339
290.002308,-157.866758,7.414,7.326
294.934203,-158.697046,7.409,7.312
299.866451,-159.524682,7.405,7.299
304.799099,-160.349349,7.400,7.286
309.732139,-161.171114,7.396,7.273
314.665462,-161.990726,7.391,7.259
319.598951,-162.809008,7.386,7.246
324.532487,-163.626780,7.382,7.233
329.465954,-164.444864,7.377,7.220
334.399234,-165.264081,7.373,7.206
339.332208,-166.085253,7.368,7.193
344.264758,-166.909202,7.364,7.180
349.196768,-167.736748,7.359,7.167
354.128119,-168.568713,7.355,7.153
359.058693,-169.405919,7.350,7.140
363.988372,-170.249186,7.345,7.127
368.917039,-171.099337,7.341,7.114
373.844576,-171.957192,7.336,7.100
378.770866,-172.823574,7.332,7.087
383.695789,-173.699303,7.325,7.079
388.619229,-174.585201,7.314,7.081
393.541077,-175.481991,7.302,7.082
398.461322,-176.389337,7.291,7.084
403.380015,-177.306261,7.280,7.085
408.297207,-178.231776,7.269,7.087
413.212947,-179.164894,7.257,7.088
418.127286,-180.104626,7.246,7.090
423.040276,-181.049986,7.235,7.092
427.951967,-181.999986,7.224,7.093
432.862409,-182.953638,7.212,7.095
437.771653,-183.909954,7.201,7.096
442.67975,-184.867948,7.190,7.098
447.58675,-185.826630,7.179,7.100
452.492705,-186.785014,7.167,7.101
457.397664,-187.742112,7.156,7.103
462.301679,-188.696936,7.145,7.104
467.204799,-189.648499,7.134,7.106
472.107077,-190.595813,7.122,7.108
477.008766,-191.537702,7.111,7.109
481.914889,-192.468622,7.100,7.111
486.835266,-193.378624,7.089,7.112
491.779933,-194.257569,7.077,7.114
496.756975,-195.099150,7.066,7.116
501.729572,-195.985608,7.055,7.117
506.6159,-197.087901,7.047,7.115
511.332174,-198.580860,7.202,6.940
515.79458,-200.639286,7.459,6.812
519.885022,-203.397656,7.823,6.733
523.384237,-206.871315,7.588,6.965
526.148923,-210.999412,7.322,7.214
528.310821,-215.563112,7.388,7.251
530.035551,-220.327463,7.495,7.207
531.330601,-225.181733,7.456,6.962
532.112588,-230.086569,7.417,6.718
532.297046,-235.003471,7.355,6.707
531.800904,-239.894052,7.293,6.697
530.636493,-244.727655,7.377,6.750
528.971077,-249.486177,7.493,6.818
526.986112,-254.152667,7.610,6.885
524.860881,-258.710031,7.704,6.943
522.631955,-263.131961,7.720,6.962
520.109123,-267.377747,7.735,6.982
517.203965,-271.429129,7.750,7.002
514.022755,-275.305672,7.657,7.112
510.674702,-279.029391,7.508,7.269
507.196971,-282.617690,7.361,7.424
503.604261,-286.086538,7.463,7.320
499.911266,-289.451900,7.565,7.215
496.132061,-292.728640,7.667,7.110
492.268287,-295.909271,7.769,7.006
488.310031,-298.965548,7.773,6.966
484.24694,-301.868437,7.741,6.951
480.068672,-304.588922,7.709,6.936
475.770389,-307.108243,7.678,6.920
471.362164,-309.435419,7.649,6.904
466.85657,-311.584125,7.672,6.869
462.266181,-313.568034,7.694,6.835
457.603248,-315.398607,7.717,6.801
452.877109,-317.067035,7.739,6.766
448.095536,-318.553645,7.762,6.732
443.266288,-319.838660,7.714,6.729
438.397095,-320.902596,7.633,6.741
433.494278,-321.742868,7.551,6.754
428.561997,-322.382645,7.470,6.766
423.604232,-322.847264,7.388,6.778
418.624963,-323.162058,7.351,6.846
413.628171,-323.352365,7.353,6.963
408.617836,-323.443519,7.355,7.081
403.597938,-323.460857,7.357,7.198
398.572456,-323.429712,7.390,7.242
393.545735,-323.372227,7.425,7.281
388.528936,-323.250511,7.460,7.321
383.539286,-322.973284,7.500,7.344
378.594224,-322.447403,7.614,7.180
373.710549,-321.584076,7.727,7.016
368.893176,-320.375362,7.841,6.853
364.136521,-318.884754,7.759,6.953
359.434638,-317.178204,7.568,7.200
354.781582,-315.321637,7.377,7.448
350.170933,-313.368982,7.389,7.428
345.595069,-311.343492,7.443,7.353
341.046176,-309.263583,7.497,7.278
336.516442,-307.147672,7.551,7.203
331.999361,-305.011243,7.605,7.129
327.49965,-302.844603,7.659,7.054
323.027744,-300.625232,7.675,7.046
318.594123,-298.330509,7.641,7.124
314.209077,-295.938207,7.607,7.203
309.873181,-293.446262,7.574,7.281
305.572849,-290.881989,7.540,7.359
301.293376,-288.275027,7.507,7.438
297.020059,-285.655011,7.473,7.516
292.738194,-283.051581,7.440,7.594
288.433077,-280.494372,7.406,7.673
284.090003,-278.013022,7.372,7.751
279.694269,-275.637169,7.339,7.830
275.231272,-273.397922,7.305,7.908
270.688201,-271.352248,7.082,7.867
266.05377,-269.579171,6.845,7.818
261.316742,-268.158423,6.747,7.753
256.465928,-267.169633,7.083,7.638
251.505892,-266.658544,7.419,7.523
246.479685,-266.588103,7.615,7.466
241.436127,-266.908849,7.325,7.608
236.424036,-267.571320,7.036,7.750
231.490982,-268.532863,6.878,7.795
226.674344,-269.806200,6.793,7.788
222.006551,-271.430992,6.708,7.781
217.519997,-273.447078,6.638,7.758
213.240512,-275.882873,6.789,7.514
209.142114,-278.676602,6.940,7.270
205.174244,-281.723703,7.091,7.026
201.286191,-284.919357,7.125,6.964
197.427721,-288.159746,7.124,6.956
193.569158,-291.384381,7.123,6.948
189.70883,-294.591808,7.123,6.940
185.847074,-297.784804,7.122,6.933
181.984229,-300.966147,7.121,6.925
178.12063,-304.138615,7.120,6.917
174.256616,-307.304984,7.120,6.909
170.392524,-310.468034,7.119,6.901
166.528691,-313.630540,7.118,6.894
162.66544,-316.795179,7.117,6.886
158.802873,-319.962996,7.116,6.878
154.940913,-323.133740,7.116,6.870
151.07948,-326.307121,7.115,6.863
147.218493,-329.482850,7.114,6.855
143.357872,-332.660639,7.113,6.847
139.497534,-335.840200,7.113,6.839
135.6374,-339.021243,7.112,6.831
131.777388,-342.203480,7.111,6.824
127.917418,-345.386622,7.110,6.816
124.057409,-348.570380,7.110,6.808
120.19728,-351.754466,7.109,6.800
116.33695,-354.938590,7.108,6.792
112.476339,-358.122465,7.107,6.785
108.615365,-361.305802,7.107,6.777
104.753947,-364.488311,7.106,6.769
100.892006,-367.669704,7.105,6.761
97.029459,-370.849692,7.104,6.754
93.166265,-374.028078,7.104,6.746
89.302534,-377.205033,7.103,6.738
85.438417,-380.380824,7.102,6.730
81.574064,-383.555715,7.101,6.722
77.709625,-386.729972,7.101,6.715
73.845251,-389.903861,7.100,6.707
69.981092,-393.077647,7.099,6.699
66.1173,-396.251597,7.098,6.691
62.254023,-399.425975,7.098,6.684
58.391412,-402.601047,7.097,6.676
54.529618,-405.777080,7.096,6.668
50.668792,-408.954338,7.095,6.660
46.809082,-412.133087,7.094,6.652
42.950641,-415.313592,7.094,6.645
39.093618,-418.496121,7.093,6.637
35.238164,-421.680937,7.092,6.629
31.384428,-424.868306,7.091,6.621
27.532321,-428.058214,7.091,6.613
23.679985,-431.248596,7.090,6.606
19.824782,-434.436475,7.089,6.598
15.964067,-437.618871,7.088,6.590
12.0952,-440.792806,7.088,6.582
8.215535,-443.955299,7.087,6.575
4.32243,-447.103370,7.086,6.567
0.413243,-450.234040,7.085,6.559
-3.517764,-453.337857,7.085,6.551
-7.591381,-456.164686,7.094,6.695
-12.068373,-458.169382,7.115,6.917
-16.979243,-459.208038,7.318,7.138
-22.050719,-459.670283,7.450,7.198
-27.049013,-459.837461,7.469,7.012
-31.967945,-459.441002,7.552,6.869
-36.766119,-458.126219,7.780,6.823
-41.113533,-455.771938,7.990,6.779
-44.9654,-452.685849,7.841,6.783
-48.428892,-449.148552,7.692,6.787
-51.609012,-445.297605,7.544,6.792
-54.610703,-441.267338,7.458,6.791
-57.53385,-437.185745,7.446,6.784
-60.40962,-433.094728,7.434,6.777
-63.219612,-428.974093,7.422,6.770
-65.94433,-424.802270,7.410,6.763
-68.564338,-420.557763,7.398,6.756
-71.069897,-416.230564,7.386,6.756
-73.471335,-411.834442,7.374,6.852
-75.781472,-407.386117,7.362,6.948
-78.013126,-402.902307,7.350,7.043
-80.176738,-398.397256,7.338,7.139
-82.266749,-393.868541,7.326,7.235
-84.270999,-389.306866,7.323,7.106
-86.177307,-384.702911,7.322,6.897
-87.973632,-380.047558,7.321,6.687
-89.652471,-375.338177,7.262,6.741
-91.211747,-370.579899,7.171,6.937
-92.649705,-365.778308,7.080,7.134
-93.964587,-360.938992,7.030,7.255
-95.154637,-356.067536,7.070,7.204
-96.218096,-351.169526,7.111,7.154
-97.153208,-346.250548,7.161,7.053
-97.958217,-341.316188,7.216,6.935
-98.631758,-336.371762,7.271,6.816
-99.177571,-331.419066,7.271,6.846
-99.602968,-326.457435,7.259,6.911
-99.915333,-321.486154,7.247,6.977
-100.122051,-316.504509,7.235,7.018
-100.230506,-311.511783,7.223,7.048
-100.248084,-306.507263,7.211,7.078
-100.182168,-301.490232,7.199,7.101
-100.040143,-296.459975,7.189,7.063
-99.818206,-291.420017,7.179,7.026
-99.439937,-286.401390,7.169,6.988
-98.799925,-281.446113,7.257,6.966
-97.792687,-276.596231,7.365,6.947
-96.331378,-271.887571,7.461,6.924
-94.449334,-267.315877,7.544,6.895
-92.227566,-262.860991,7.626,6.866
-89.747203,-258.502715,7.608,6.906
-87.087584,-254.222109,7.512,7.001
-84.274246,-250.037933,7.416,7.096
-81.270888,-246.012286,7.319,7.191
-78.037796,-242.209659,7.261,7.021
-74.535256,-238.694541,7.221,6.720
-70.745462,-235.503096,7.166,6.503
-66.726299,-232.573625,7.053,6.602
-62.551989,-229.823306,6.939,6.701
-58.296752,-227.169318,6.869,6.783
-54.031101,-224.532973,6.855,6.842
-49.780053,-221.886278,6.841,6.902
-45.538102,-219.235253,6.827,6.961
-41.299179,-216.586544,6.813,7.021
-37.057213,-213.946801,6.798,7.080
-32.806137,-211.322670,6.784,7.140
-28.53988,-208.720799,6.770,7.199
-24.252372,-206.147835,6.756,7.259
-19.937713,-203.610185,6.741,7.319
-15.609251,-201.086731,6.727,7.378
-11.317091,-198.503793,6.713,7.438
-7.115476,-195.781772,6.699,7.497
-3.058649,-192.841074,6.685,7.557
0.713867,-189.577217,6.670,7.671
3.538164,-185.732714,7.000,7.146
4.70552,-181.081151,7.145,7.189
4.432398,-175.930778,6.985,7.286
3.262025,-170.787799,6.864,6.941
1.302641,-166.146379,6.858,6.738
-1.794751,-162.498587,6.568,7.243
-6.114664,-160.475734,6.477,7.466
-10.998535,-159.475740,6.745,6.922
-15.93398,-158.677586,6.777,6.877
-20.890389,-157.999745,6.783,6.885
-25.859299,-157.395014,6.789,6.893
-30.832248,-156.816195,6.796,6.901
-35.802712,-156.226791,6.802,6.909
-40.770052,-155.622830,6.808,6.917
-45.734742,-155.006495,6.814,6.925
-50.69726,-154.379970,6.821,6.933
-55.65808,-153.745437,6.827,6.942
-60.617677,-153.105079,6.833,6.950
-65.576528,-152.461080,6.839,6.958
-70.535108,-151.815622,6.845,6.966
-75.493891,-151.170878,6.852,6.974
-80.453168,-150.528201,6.858,6.982
-85.412926,-149.887540,6.864,6.990
-90.373118,-149.248706,6.870,6.998
-95.3337,-148.611512,6.876,7.007
-100.294625,-147.975768,6.883,7.015
-105.255848,-147.341287,6.889,7.023
-110.217325,-146.707881,6.895,7.031
-115.179008,-146.075360,6.901,7.039
-120.140854,-145.443538,6.907,7.047
-125.102817,-144.812225,6.914,7.055
-130.06485,-144.181233,6.920,7.063
-135.026909,-143.550374,6.926,7.072
-139.988949,-142.919460,6.932,7.080
-144.950923,-142.288302,6.938,7.088
-149.912787,-141.656712,6.945,7.096
-154.874494,-141.024502,6.951,7.104
-159.836,-140.391483,6.957,7.112
-164.797265,-139.757493,6.963,7.120
-169.758302,-139.122616,6.970,7.129
-174.719157,-138.487085,6.976,7.137
-179.679876,-137.851133,6.982,7.145
-184.640506,-137.214993,6.988,7.153
-189.601092,-136.578898,6.994,7.161
-194.561681,-135.943082,7.001,7.169
-199.522318,-135.307779,7.007,7.177
-204.483049,-134.673220,7.013,7.185
-209.443921,-134.039641,7.019,7.194
-214.40498,-133.407273,7.025,7.202
-219.366271,-132.776351,7.032,7.210
-224.327841,-132.147107,7.038,7.218
-229.289736,-131.519775,7.044,7.226
-234.252002,-130.894588,7.050,7.234
-239.214684,-130.271780,7.056,7.242
-244.177829,-129.651583,7.063,7.250
-249.141484,-129.034243,7.069,7.259
-254.105689,-128.420240,7.075,7.267
-259.070482,-127.810285,7.076,7.279
-264.035902,-127.205096,7.065,7.299
-269.001987,-126.605393,7.054,7.319
-273.968774,-126.011895,7.043,7.339
-278.936301,-125.425322,7.032,7.360
-283.904607,-124.846393,7.021,7.380
-288.873728,-124.275827,7.010,7.400
-293.843703,-123.714343,6.998,7.420
-298.81457,-123.162661,6.987,7.440
-303.786367,-122.621500,6.976,7.461
-308.759131,-122.091579,6.965,7.481
-313.732901,-121.573618,6.954,7.501
-318.707714,-121.068336,6.943,7.521
-323.683608,-120.576451,6.932,7.542
-328.660621,-120.098684,6.921,7.562
-333.638797,-119.635845,6.910,7.582
-338.618562,-119.194671,6.914,7.581
-343.600956,-118.791361,6.948,7.536
-348.587072,-118.442961,6.981,7.491
-353.577988,-118.166280,7.015,7.447
-358.57387,-117.962945,7.049,7.402
-363.573436,-117.810492,7.082,7.357
-368.575273,-117.684320,7.116,7.312
-373.577968,-117.559825,7.150,7.268
-378.580275,-117.416104,7.184,7.223
-383.581771,-117.250693,7.217,7.178
-388.582287,-117.066866,7.251,7.133
-393.581657,-116.867899,7.285,7.089
-398.579712,-116.657069,7.319,7.044
-403.576286,-116.437651,7.352,6.999
-408.571211,-116.212922,7.386,6.954
-413.56432,-115.986157,7.420,6.910
-418.555446,-115.760637,7.454,6.865
-423.54562,-115.542349,7.487,6.820
-428.539109,-115.344626,7.521,6.775
-433.540728,-115.182037,7.555,6.730
-438.55529,-115.069152,7.589,6.686
-443.584118,-115.006756,7.622,6.641
-448.59636,-114.868725,7.656,6.596
-453.543824,-114.460513,7.690,6.551
-458.378148,-113.586912,7.683,6.554
-463.052021,-112.056674,7.319,6.974
-467.579086,-109.908679,7.036,7.319
-472.060293,-107.525965,7.271,7.198
-476.257135,-104.848144,7.454,6.921
-479.56827,-101.317406,7.493,6.673
-481.909508,-96.978539,7.186,7.071
-483.812605,-92.280508,7.024,7.289
-485.845362,-87.669216,7.062,7.258
-488.017926,-83.167947,7.100,7.228
-490.185008,-78.681265,7.138,7.197
-492.295406,-74.168300,7.176,7.167
-494.379678,-69.635602,7.213,7.136
-496.4711,-65.091299,7.251,7.106
-498.600894,-60.543452,7.289,7.075
-500.763398,-55.998928,7.327,7.044
-502.921072,-51.463565,7.365,7.014
-505.035323,-46.943165,7.403,6.983
-507.067782,-42.443491,7.440,6.953
-509.065573,-37.953878,7.478,6.922
-511.289884,-33.422448,7.516,6.891
-513.738692,-28.811490,7.554,6.861
-515.667254,-24.134773,7.592,6.830
-516.302569,-19.417358,7.595,6.847
-515.596949,-14.712550,7.464,6.987
-513.865869,-10.087802,7.246,7.129
-511.427513,-5.610669,7.020,6.943
-508.597667,-1.347560,7.038,6.911
-505.582527,2.687547,7.149,6.937
-502.435683,6.553688,7.151,6.941
-499.19943,10.315301,7.152,6.945
-495.916059,14.036826,7.153,6.948
-492.621676,17.771867,7.155,6.951
-489.325811,21.527484,7.156,6.955
-486.030863,25.298246,7.157,6.958
-482.739232,29.078723,7.158,6.962
-479.453201,32.863642,7.159,6.965
-476.173164,36.650276,7.160,6.969
-472.897978,40.437979,7.162,6.972
-469.626452,44.226163,7.163,6.975
-466.357397,48.014240,7.164,6.979
-463.089626,51.801622,7.165,6.982
-459.821947,55.587721,7.166,6.986
-456.553174,59.371951,7.167,6.989
-453.282115,63.153723,7.169,6.993
-450.00769,66.932507,7.170,6.996
-446.72966,70.708232,7.171,7.000
-443.448182,74.481036,7.172,7.003
-440.163414,78.251061,7.173,7.006
-436.875515,82.018450,7.174,7.010
-433.584644,85.783344,7.176,7.013
-430.290962,89.545885,7.177,7.017
-426.994625,93.306215,7.178,7.020
-423.695794,97.064475,7.179,7.024
-420.394628,100.820807,7.181,7.027
-417.091285,104.575354,7.197,7.054
-413.785925,108.328256,7.214,7.081
-410.478706,112.079656,7.231,7.108
-407.169788,115.829696,7.247,7.135
-403.859329,119.578516,7.264,7.162
-400.547489,123.326260,7.281,7.189
-397.234427,127.073068,7.297,7.216
-393.920301,130.819083,7.314,7.243
-390.605271,134.564446,7.331,7.270
-387.289495,138.309299,7.347,7.297
-383.973133,142.053784,7.364,7.324
-380.656344,145.798043,7.381,7.351
-377.339287,149.542217,7.397,7.378
-374.02212,153.286448,7.414,7.405
-370.705003,157.030878,7.431,7.432
-367.388095,160.775649,7.447,7.459
-364.071554,164.520903,7.464,7.486
-360.75554,168.266781,7.481,7.513
-357.440212,172.013425,7.497,7.540
-354.125729,175.760977,7.514,7.567
-350.81225,179.509578,7.531,7.594
-347.499933,183.259371,7.547,7.621
-344.188939,187.010498,7.564,7.648
-340.879425,190.763099,7.581,7.675
-337.571551,194.517317,7.597,7.702
-334.262967,198.270620,7.573,7.624
-330.941284,202.009777,7.549,7.547
-327.591607,205.718886,7.525,7.469
-324.199039,209.382042,7.598,7.351
-320.745695,212.979721,7.715,7.215
-317.201817,216.477998,7.831,7.080
-313.534697,219.839369,7.947,6.944
-309.711625,223.026334,7.856,7.014
-305.702559,226.003491,7.705,7.143
-301.516616,228.766327,7.554,7.271
-297.192682,231.333807,7.403,7.400
-292.770386,233.725484,7.518,7.326
-288.289271,235.960852,7.689,7.210
-283.771607,238.047964,7.860,7.093
-279.201878,239.969840,8.028,6.979
-274.559568,241.706192,7.838,7.123
-269.824162,243.236730,7.648,7.268
-264.980825,244.543710,7.458,7.413
-260.055219,245.627540,7.435,7.393
-255.090587,246.496508,7.591,7.198
-250.130243,247.158933,7.746,7.002
-245.207685,247.611371,7.902,6.807
-240.28696,247.767150,7.856,6.825
-235.315038,247.519485,7.759,6.898
-230.328435,246.871339,7.661,6.971
-225.400865,245.872063,7.564,7.044
-220.574282,244.559558,7.602,7.042
-215.851303,242.957391,7.646,7.035
-211.23212,241.088244,7.691,7.029
-206.716924,238.974801,7.587,7.082
-202.305907,236.639745,7.457,7.147
-197.99926,234.105758,7.326,7.212
-193.797174,231.395524,7.338,7.186
-189.69984,228.531726,7.469,7.085
-185.713652,225.529164,7.599,6.983
-181.92883,222.296075,7.591,6.980
-178.47836,218.684238,7.469,7.056
-175.263546,214.812008,7.347,7.133
-172.031633,210.974349,7.225,7.209
-168.683377,207.279443,7.103,7.285
-165.23106,203.699939,6.998,7.352
-161.689342,200.205596,7.147,7.276
-158.072834,196.766299,7.296,7.200
-154.389133,193.369549,7.346,7.210
-150.63158,190.038673,7.193,7.392
-146.791784,186.801349,7.041,7.575
-142.861353,183.685253,6.895,7.752
-138.831898,180.718063,7.051,7.657
-134.695027,177.927455,7.208,7.561
-130.442349,175.341106,7.364,7.466
-126.065473,172.986694,7.367,7.492
-121.5565,170.890975,7.211,7.644
-116.922767,169.052110,7.055,7.796
-112.189441,167.434817,6.993,7.855
-107.382695,166.001915,7.192,7.657
-102.528707,164.716225,7.391,7.459
-97.648775,163.554954,7.456,7.415
-92.747113,162.545743,7.347,7.570
-87.824193,161.727275,7.239,7.725
-82.880485,161.138232,7.131,7.879
-77.916747,160.813874,7.119,7.941
-72.937332,160.746598,7.188,7.925
-67.949041,160.899611,7.257,7.909
-62.958721,161.235559,7.325,7.894
-57.97324,161.717281,7.357,7.894
-53.002079,162.330334,7.314,7.927
-48.059771,163.104285,7.271,7.959
-43.16143,164.073738,7.227,7.992
-38.322169,165.273296,7.184,8.025
-33.555147,166.730265,7.226,8.005
-28.861307,168.426337,7.316,7.955
-24.236886,170.325627,7.407,7.905
-19.678111,172.392211,7.498,7.854
-15.185151,174.597735,7.485,7.849
-10.782485,176.960492,7.354,7.894
-6.503839,179.516528,7.224,7.938
-2.382958,182.301924,7.094,7.983
1.547396,185.351320,7.324,7.885
5.281862,188.659228,7.598,7.769
8.845422,192.175717,7.871,7.653
12.264635,195.848552,7.751,7.790
15.566056,199.625498,7.598,7.948
18.766551,203.468723,7.444,8.105
21.850884,207.388080,7.515,7.990
24.797184,211.403282,7.612,7.841
27.58358,215.534041,7.710,7.692
30.188391,219.798355,7.610,7.737
32.592134,224.194205,7.489,7.801
34.776749,228.706631,7.428,7.817
36.724201,233.320458,7.430,7.781
38.41997,238.020424,7.433,7.745
39.890093,242.790242,7.416,7.708
41.186601,247.612976,7.391,7.670
42.361953,252.471675,7.365,7.633
43.468442,257.349445,7.339,7.595
44.542387,262.234682,7.328,7.585
45.590877,267.125460,7.319,7.581
46.617887,272.020885,7.311,7.576
47.627392,276.920062,7.302,7.571
48.623364,281.822098,7.293,7.567
49.609779,286.726100,7.285,7.562
50.590609,291.631172,7.276,7.558
51.56983,296.536421,7.267,7.553
52.551335,301.440972,7.259,7.549
53.536952,306.344430,7.250,7.544
54.52631,311.246909,7.241,7.539
55.518933,316.148550,7.232,7.535
56.514345,321.049493,7.224,7.530
57.512069,325.949877,7.215,7.526
58.511628,330.849844,7.206,7.521
59.512548,335.749532,7.198,7.517
60.51435,340.649083,7.189,7.512
61.516558,345.548635,7.180,7.507
62.518697,350.448329,7.172,7.503
63.520289,355.348306,7.163,7.498
64.520858,360.248704,7.154,7.494
65.519928,365.149665,7.146,7.489
66.517021,370.051327,7.137,7.484
67.511663,374.953832,7.128,7.480
68.503376,379.857319,7.120,7.475
69.491671,384.761929,7.111,7.471
70.474947,389.667854,7.102,7.466
71.449643,394.575380,7.094,7.462
72.411994,399.484799,7.085,7.457
73.358239,404.396406,7.076,7.452
74.284613,409.310494,7.067,7.448
75.187353,414.227358,7.086,7.465
76.062697,419.147292,7.118,7.493
76.906881,424.070588,7.151,7.522
77.716239,428.997614,7.183,7.550
78.489439,433.930487,7.215,7.578
79.227553,438.873123,7.247,7.607
79.931761,443.829522,7.280,7.635
80.603255,448.803679,7.312,7.663
81.262907,453.791252,7.344,7.691
81.991553,458.762493,7.377,7.720
82.881414,463.682833,7.342,7.413
84.024708,468.517703,7.240,6.740
85.614713,473.158196,7.367,6.429
88.599442,476.883203,6.934,6.772
92.831923,479.487980,6.643,7.197
97.455635,481.497211,7.096,6.618
102.241752,483.372211,6.857,6.762
107.123323,484.745094,6.529,7.195
111.978689,484.891925,7.170,6.612
116.762677,483.892185,7.373,6.482
121.475239,482.294316,7.254,6.644
126.12262,480.472486,7.072,6.845
130.720461,478.505508,6.890,7.046
135.285274,476.444801,6.745,7.215
139.833573,474.341788,6.765,7.236
144.379951,472.241452,6.784,7.257
148.929081,470.155470,6.804,7.278
153.482436,468.084778,6.823,7.299
158.041487,466.030307,6.843,7.320
162.607661,463.992943,6.862,7.341
167.181447,461.972646,6.882,7.363
171.762437,459.968485,6.901,7.384
176.350186,457.979497,6.921,7.405
180.94425,456.004716,6.940,7.426
185.544184,454.043178,6.960,7.447
190.149545,452.093917,6.979,7.468
194.759887,450.155969,6.999,7.489
199.374766,448.228368,7.018,7.510
203.993738,446.310150,7.018,7.509
208.616357,444.400349,7.015,7.506
213.242181,442.498002,7.013,7.503
217.870764,440.602142,7.011,7.499
222.501661,438.711805,7.008,7.496
227.134429,436.826027,7.006,7.493
231.768622,434.943841,7.003,7.490
236.403798,433.064283,7.001,7.487
241.039513,431.186397,6.999,7.483
245.675569,429.309755,6.996,7.480
250.312142,427.434767,6.994,7.477
254.949445,425.561917,6.992,7.474
259.587689,423.691691,6.989,7.471
264.227087,421.824571,6.987,7.467
268.86785,419.961044,6.984,7.464
273.51019,418.101592,6.982,7.461
278.154319,416.246701,6.980,7.458
282.800449,414.396854,6.977,7.455
287.448791,412.552537,6.975,7.451
292.099558,410.714234,6.972,7.448
296.752961,408.882429,6.970,7.445
301.409213,407.057606,6.968,7.442
306.068525,405.240250,6.965,7.439
310.731108,403.430845,6.963,7.435
315.397176,401.629876,6.960,7.432
320.066939,399.837827,6.963,7.436
324.740568,398.055154,6.965,7.441
329.418126,396.282237,6.967,7.445
334.099654,394.519444,6.969,7.449
338.785196,392.767142,6.971,7.453
343.474794,391.025698,6.973,7.457
348.168492,389.295481,6.975,7.461
352.866333,387.576856,6.977,7.466
357.568358,385.870192,6.980,7.470
362.274612,384.175857,6.982,7.474
366.985138,382.494216,6.984,7.478
371.699977,380.825639,6.986,7.482
376.419173,379.170492,6.988,7.487
381.142769,377.529143,6.990,7.491
385.870808,375.901958,6.992,7.495
390.603333,374.289307,7.002,7.475
395.340386,372.691555,7.019,7.436
400.082011,371.109071,7.035,7.396
404.828252,369.542186,7.052,7.356
409.579176,367.990564,7.068,7.317
414.33487,366.453269,7.085,7.277
419.095424,364.929345,7.101,7.238
423.860926,363.417835,7.118,7.198
428.631465,361.917783,7.134,7.159
433.407129,360.428232,7.151,7.119
438.188007,358.948226,7.167,7.079
442.974185,357.476800,7.183,7.040
447.764154,356.009684,7.200,7.000
452.552271,354.534019,7.216,6.961
457.332234,353.035571,7.233,6.921
462.097737,351.500109,7.249,6.881
466.842475,349.913397,7.266,6.842
471.560144,348.261204,7.282,6.802
476.24444,346.529295,7.289,6.807
480.889058,344.703439,7.276,6.898
485.487733,342.769526,7.263,6.988
490.036303,340.720100,7.250,7.079
494.533714,338.557537,7.260,7.125
498.979163,336.285004,7.343,7.035
503.371846,333.905669,7.425,6.944
507.710961,331.422701,7.508,6.854
511.995703,328.839267,7.528,6.868
516.225271,326.158535,7.490,6.978
520.398859,323.383673,7.452,7.089
524.514873,320.517201,7.414,7.199
528.557536,317.550032,7.376,7.309
532.498833,314.463066,7.440,7.239
536.310347,311.236873,7.553,7.084
539.963689,307.852045,7.666,6.929
543.440908,304.297879,7.779,6.774
546.750207,300.585482,7.690,6.858
549.903818,296.729320,7.562,6.988
552.913975,292.743859,7.433,7.119
555.792382,288.643933,7.319,7.234
558.546358,284.447432,7.365,7.176
561.181037,280.173766,7.410,7.118
563.701542,275.842354,7.456,7.059
566.112818,271.470533,7.502,7.001
568.418368,267.058411,7.485,6.985
570.620981,262.597595,7.447,6.984
572.723442,258.079633,7.409,6.982
574.728209,253.496198,7.371,6.981
576.622336,248.844820,7.359,7.015
578.371113,244.131303,7.361,7.069
579.938188,239.362078,7.363,7.124
581.28721,234.543576,7.365,7.178
582.395996,229.682432,7.406,7.096
583.304213,224.786183,7.455,6.988
584.068405,219.862608,7.504,6.880
584.74511,214.919489,7.547,6.781
585.38875,209.964385,7.458,6.854
586.018495,205.001190,7.369,6.928
586.624471,200.030771,7.280,7.001
587.195939,195.053908,7.191,7.074
587.722161,190.071382,7.102,7.147
588.192398,185.083970,7.013,7.220
588.595909,180.092452,6.987,7.212
588.921956,175.097608,7.074,7.057
589.1598,170.100217,7.161,6.903
589.298658,165.101307,7.248,6.748
589.3274,160.103878,7.328,6.661
589.234731,155.111871,7.389,6.761
589.009354,150.129229,7.450,6.861
588.639974,145.159898,7.511,6.961
588.115295,140.207822,7.499,7.007
587.42402,135.276948,7.391,6.981
586.554853,130.371218,7.283,6.955
585.496498,125.494579,7.263,7.020
584.24059,120.651807,7.289,7.133
582.791054,115.851163,7.315,7.245
581.155032,111.101820,7.330,7.297
579.339665,106.412952,7.329,7.270
577.352096,101.793732,7.328,7.242
575.199468,97.253335,7.326,7.191
572.888922,92.800934,7.320,7.085
570.427602,88.445703,7.314,6.980
567.823214,84.195748,7.331,6.937
565.092302,80.042521,7.371,6.959
562.258399,75.964294,7.412,6.981
559.345228,71.938979,7.454,7.079
556.376514,67.944487,7.499,7.350
553.375982,63.958730,7.545,7.620
550.367354,59.959620,7.591,7.891
547.374357,55.925068,7.636,8.162
544.420713,51.832986,7.682,8.432
541.548401,47.659002,7.989,8.264
538.936611,43.361577,8.350,8.005
536.826933,38.891368,8.260,8.220
535.461277,34.198988,7.982,8.631
535.057734,29.263944,7.832,8.634
535.66026,24.276992,7.801,8.302
537.235483,19.522692,7.845,7.764
539.749684,15.286030,7.145,7.970
543.166567,11.847762,6.924,8.085
547.36006,9.341142,7.240,8.057
552.093078,7.717037,7.533,8.019
557.121659,6.915011,7.701,7.932
562.20184,6.874626,7.791,8.035
567.14328,7.513645,7.807,8.316
571.952603,8.669749,7.827,8.323
576.681642,10.162237,7.850,8.168
581.382231,11.810409,7.872,8.013
586.104225,13.439793,7.895,7.858
590.871469,14.957790,7.918,7.703
595.689474,16.329499,7.793,7.512
600.563369,17.521229,7.624,7.309
605.496691,18.489017,7.455,7.107
610.472229,19.055081,7.240,7.315
615.45079,18.955282,7.394,7.195
620.296789,18.018497,8.011,6.663
624.808282,16.140412,7.430,7.138
628.831333,13.313871,7.259,7.304
632.306815,9.715780,7.384,7.191
635.18635,5.543913,7.169,7.146
637.421562,0.996044,7.349,7.094
638.977984,-3.746944,7.441,7.035
639.906687,-8.607992,7.476,6.971
640.291221,-13.549474,7.260,6.962
640.215202,-18.533840,6.998,6.962
639.759162,-23.522747,7.262,7.183
638.918979,-28.456050,7.539,7.332
637.59741,-33.249630,7.663,7.220
635.692437,-37.818135,7.777,7.329
633.102073,-42.076238,7.847,7.563
629.855489,-46.028350,7.599,7.993
626.111019,-49.409744,8.095,7.679
621.691374,-51.360641,8.493,7.402
616.832697,-52.254033,8.016,7.766
611.850084,-52.703911,8.024,7.837
606.865375,-52.961876,8.183,7.816
601.880413,-53.054525,8.187,7.838
596.895242,-53.005081,8.191,7.859
591.909907,-52.836765,8.195,7.881
586.924453,-52.572801,8.192,7.888
581.938924,-52.236410,8.183,7.882
576.953364,-51.850817,8.174,7.875
571.967818,-51.439242,8.165,7.869
566.982325,-51.022220,8.156,7.862
561.996894,-50.605091,8.147,7.856
557.011525,-50.187865,8.139,7.850
552.026215,-49.770544,8.130,7.843
547.040964,-49.353134,8.121,7.837
542.05577,-48.935637,8.112,7.830
537.070632,-48.518057,8.103,7.824
532.085549,-48.100399,8.094,7.817
527.10052,-47.682666,8.085,7.811
522.115543,-47.264862,8.076,7.805
517.130616,-46.846990,8.067,7.798
512.14574,-46.429055,8.058,7.792
507.160912,-46.011060,8.049,7.785
502.176131,-45.593009,8.040,7.779
497.191396,-45.174905,8.032,7.772
492.206705,-44.756753,8.023,7.766
487.222058,-44.338556,8.014,7.760
482.237454,-43.920319,8.005,7.753
477.25289,-43.502044,7.996,7.747
472.268366,-43.083735,7.987,7.740
467.28388,-42.665397,7.978,7.734
462.299431,-42.247033,7.969,7.727
457.315018,-41.828647,7.960,7.721
452.33064,-41.410243,7.951,7.715
447.346295,-40.991824,7.942,7.708
442.361982,-40.573394,7.933,7.702
437.3777,-40.154958,7.925,7.695
432.393447,-39.736518,7.916,7.689
427.409222,-39.318078,7.907,7.683
422.425025,-38.899643,7.898,7.676
417.440853,-38.481217,7.889,7.670
412.456706,-38.062802,7.880,7.663
407.472582,-37.644402,7.871,7.657
402.48848,-37.226022,7.862,7.650
397.504399,-36.807666,7.853,7.644
392.520337,-36.389336,7.844,7.638
387.536293,-35.971037,7.835,7.631
382.552266,-35.552773,7.827,7.625
377.568255,-35.134547,7.818,7.618
372.584258,-34.716363,7.809,7.612
367.600274,-34.298225,7.800,7.605
362.616303,-33.880136,7.791,7.599
357.632341,-33.462101,7.782,7.593
352.648389,-33.044123,7.773,7.586
347.664445,-32.626207,7.764,7.580
342.680508,-32.208354,7.755,7.573
337.696577,-31.790571,7.746,7.567
332.71265,-31.372860,7.737,7.560
327.728725,-30.955225,7.728,7.554
322.744803,-30.537669,7.720,7.548
317.760881,-30.120198,7.711,7.541
312.776958,-29.702813,7.702,7.535
307.793033,-29.285520,7.693,7.528
302.809105,-28.868322,7.684,7.522
297.825172,-28.451223,7.675,7.516
292.841234,-28.034226,7.666,7.509
287.857288,-27.617335,7.657,7.503
282.873334,-27.200555,7.648,7.496
277.889371,-26.783888,7.639,7.490
272.905396,-26.367339,7.630,7.483
267.92141,-25.950911,7.621,7.477
262.93741,-25.534609,7.613,7.471
257.953395,-25.118435,7.604,7.464
252.969365,-24.702395,7.595,7.458
247.985317,-24.286490,7.586,7.451
243.001251,-23.870726,7.577,7.445
238.017165,-23.455106,7.568,7.438
233.033059,-23.039634,7.559,7.432
228.048929,-22.624314,7.550,7.426
223.064777,-22.209147,7.541,7.419
218.080602,-21.794127,7.532,7.413
213.096405,-21.379238,7.523,7.406
208.112189,-20.964466,7.514,7.400
203.127954,-20.549796,7.506,7.393
198.143702,-20.135214,7.497,7.387
193.159434,-19.720705,7.488,7.381
188.175153,-19.306255,7.479,7.374
183.190858,-18.891849,7.470,7.368
178.206553,-18.477473,7.461,7.361
173.222237,-18.063112,7.452,7.355
168.237913,-17.648751,7.443,7.349
163.253582,-17.234376,7.434,7.342
158.269246,-16.819973,7.425,7.336
153.284905,-16.405526,7.416,7.329
148.300562,-15.991022,7.407,7.323
143.316218,-15.576446,7.399,7.316
138.331873,-15.161783,7.390,7.310
133.347531,-14.747018,7.381,7.304
128.363192,-14.332138,7.372,7.297
123.378857,-13.917127,7.363,7.291
118.394528,-13.501971,7.354,7.284
113.410207,-13.086656,7.345,7.278
108.425895,-12.671167,7.336,7.271
103.441593,-12.255489,7.327,7.265
98.457303,-11.839609,7.318,7.259
93.473026,-11.423510,7.309,7.252
88.488764,-11.007179,7.300,7.246
83.504517,-10.590602,7.292,7.239
78.520289,-10.173763,7.283,7.233
73.536079,-9.756648,7.274,7.226
68.55189,-9.339243,7.265,7.220
63.567722,-8.921533,7.256,7.214
58.583578,-8.503504,7.247,7.207
53.599459,-8.085140,7.238,7.201
48.615366,-7.666428,7.229,7.194
43.631301,-7.247353,7.220,7.188
38.647264,-6.827900,7.211,7.181
33.663258,-6.408055,7.202,7.175
28.679285,-5.987803,7.193,7.169
23.695344,-5.567130,7.185,7.162
18.711438,-5.146020,7.176,7.156
13.727569,-4.724461,7.167,7.149
8.743737,-4.302437,7.158,7.143
3.759945,-3.879933,7.149,7.137
-1.223807,-3.456935,7.143,7.128
